ID,Name,Description,Vegan,Vegetarian,Gluten Free,Contains Nuts,Checked Dietary,Category,Category Description,Brand Name,Modifier Group,Modifier Group Description
23,Individual Bottled Waters,,false,false,false,false,true,Drinks,,Atlantic Catering,,
24,Individual Assorted Sodas,,false,false,false,false,true,Drinks,,Atlantic Catering,,
25,Box of Coffee,with the works,false,false,false,false,true,Drinks,,Atlantic Catering,,
26,Box of Hot Water with Tea Bags,,false,false,false,false,true,Drinks,,Atlantic Catering,,
27,Half Gallon of Orange Juice,,false,false,false,false,true,Drinks,,Atlantic Catering,,
61,Tray of Vegan Mixed Green Salad,"with greens, tomatoes, carrots, and house vinaigrette",true,false,true,false,true,Sides,,S'MAC,,
62,House Baked Cookie,,false,false,false,false,true,Desserts,,S'MAC,,
63,Individual Assorted Sodas,,false,false,false,false,true,Drinks,,S'MAC,,
64,Individual Bottled Waters,,false,false,false,false,true,Drinks,,S'MAC,,
65,Individual Bottled Waters,,false,false,false,false,true,Drinks,,The Picnic Basket,,
66,Individual Bottled Soda,Assorted flavors,false,false,false,false,true,Drinks,,The Picnic Basket,,
67,Catering Bowl of Garden Greens Salad,"Fresh mixed greens, tomatoes, cucumbers, grated carrots, roasted cashews, side of balsamic vinaigrette",true,false,true,true,true,Sides,,The Picnic Basket,,
68,Catering Bowl of Goat Cheese Salad,"Fresh mixed greens, tomatoes, fresh pears, dried cranberries, beets, black sesame seeds, roasted almond, side of balsamic vinaigrette",false,true,true,true,true,Sides,,The Picnic Basket,,
69,Bag of Chips,Dirty potato chips,false,false,false,false,true,Sides,,The Picnic Basket,,
71,Assorted Homemade Cookies,,false,true,false,false,true,Desserts,,The Picnic Basket,,
74,Bottled water,,false,false,false,false,true,Drinks,,Jose's Torta Mexicana,,
75,Soda,,false,false,false,false,true,Drinks,,Jose's Torta Mexicana,,
76,Jarritos Mexican Soda,,false,false,false,false,true,Drinks,,Jose's Torta Mexicana,,
77,Individual Bottled Waters,,false,false,false,false,true,Drinks,,PI Bakerie and Eatery,,
78,Apple Juice,,false,false,false,false,true,Drinks,,PI Bakerie and Eatery,,
79,Box of Coffee,"with the works (cups, creamers, sugars etc.)",false,false,false,false,true,Drinks,,PI Bakerie and Eatery,,
80,Box of Hot Water with Tea Bags,with the works,false,false,false,false,true,Drinks,,PI Bakerie and Eatery,,
81,Pitcher of Fresh Squeezed OJ,,false,false,false,false,true,Drinks,,PI Bakerie and Eatery,,
82,Individual Bottled Waters,,false,false,false,false,true,Drinks,,Kimchi Grill,,
83,Individual Assorted Sodas,,false,false,false,false,true,Drinks,,Kimchi Grill,,
96,Bottle of Spring water,,false,false,false,false,true,Drinks,,Perfect Picnic,,
97,Bottle of Sparkling Water,,false,false,false,false,true,Drinks,,Perfect Picnic,,
98,Individual Order of Seasonal Salad,,true,false,true,false,true,Salads,,Perfect Picnic,,
99,Platter of Veggie Crudité,﻿Fresh seasonal vegetables with dip,false,true,true,false,true,Sides,,Perfect Picnic,,
100,Fresh Chocolate Chip Cookie,,false,true,false,false,true,Desserts,,Perfect Picnic,,
101,Order of Sea Salt Brownie,,false,true,false,false,true,Desserts,,Perfect Picnic,,
102,Family Bowl of Greek Salad,,false,true,true,false,true,Salads,,Perfect Picnic,,
103,Family Bowl of Kale Salad,"with parmesan, cranberries and lemon",false,true,true,false,true,Salads,,Perfect Picnic,,
117,Individual Bottled Waters,,false,false,false,false,true,Drinks,,ORIENTAL Catering,,
118,Individual Assorted Sodas,,false,false,false,false,true,Drinks,,ORIENTAL Catering,,
119,Order of Pork Dumplings,,false,false,false,false,true,Sides,,ORIENTAL Catering,,
120,Order of Chicken Dumplings,,false,false,false,false,true,Sides,,ORIENTAL Catering,,
121,Order of Veggie Dumplings,,false,true,false,false,true,Sides,,ORIENTAL Catering,,
122,Order of Shrimp Dumplings,,false,false,false,false,true,Sides,,ORIENTAL Catering,,
123,Pork Egg Roll,,false,false,false,false,true,Sides,,ORIENTAL Catering,,
138,Individual Bottled Waters,,false,false,false,false,true,Drinks,,Benvenuto Cafe,,
139,Assorted Soda,,false,false,false,false,true,Drinks,,Benvenuto Cafe,,
140,Box of Coffee,"with the works (cups, creamer, sugar etc)",false,false,false,false,true,Drinks,,Benvenuto Cafe,,
141,Box of Hot Water with Tea Bags,,false,false,false,false,true,Drinks,,Benvenuto Cafe,,
142,Individual Assorted Juices,,false,false,false,false,true,Drinks,,Benvenuto Cafe,,
225,Tray of Baklava,,false,true,false,true,true,Desserts,,PI Bakerie and Eatery,,
226,Platter of Assorted Greek Cookies & Treats,,false,false,false,false,true,Desserts,,PI Bakerie and Eatery,,
227,Tray of Greek Salad,,false,true,false,false,true,Sides,,PI Bakerie and Eatery,,
228,"Tray of Pita, Veggies & Hummus",,true,false,true,false,true,Sides,,PI Bakerie and Eatery,,
229,Platter of Fresh Fruit,,true,false,true,false,true,Desserts,,PI Bakerie and Eatery,,
230,Order of Chips & Guacamole,,true,false,true,false,true,Sides,,Kimchi Grill,,
231,Order of Chips & Kimchi Salsa,,false,true,true,false,true,Sides,,Kimchi Grill,,
232,Order of Chips with Guacamole and Kimchi Salsa,,false,true,true,false,true,Sides,,Kimchi Grill,,
233,Individual Yogurt Parfait,with granola & berries,false,true,false,false,true,Breakfast Sides,,Atlantic Catering,,
234,Platter of Fresh Seasonal Fruit,,true,false,true,false,true,Desserts,,Atlantic Catering,,
235,Serving of Bagel Chips,,true,false,false,false,true,Sides,,Atlantic Catering,,
236,Serving of Grilled Seasonal Veggies,,true,false,true,false,true,Sides,,Atlantic Catering,,
237,Platter of Assorted Cookies & Brownies,,false,true,false,false,true,Desserts,,Atlantic Catering,,
250,Platter of Fruit,,true,false,true,false,true,Desserts,,Benvenuto Cafe,,
251,Platter of Cookies & Brownies,,false,true,false,false,true,Desserts,,Benvenuto Cafe,,
260,Serving of Deluxe Fruit Salad,,true,false,true,false,true,Desserts,,Rolling Out Bakery,,
262,Individual Bottled Waters,,false,false,false,false,true,Drinks,,Rolling Out Bakery,,
263,Assorted Soda,,false,false,false,false,true,Drinks,,Rolling Out Bakery,,
264,Serving of Fruit + Yogurt Parfait,,false,true,false,false,true,Sides,,Rolling Out Bakery,,
265,Individual Assorted Sodas,,false,false,false,false,true,Drinks,,Marvin Gardens Catering,,
266,Individual Bottled Waters,,false,false,false,false,true,Drinks,,Marvin Gardens Catering,,
267,Homemade Cookie,,false,true,false,false,true,Desserts,,Marvin Gardens Catering,,
268,Serving of Fresh Sliced Fruit,,true,false,true,false,true,Desserts,,Marvin Gardens Catering,,
274,Individual Bottled Waters,,false,false,false,false,true,Drinks,,Bijou Catering,,
275,Individual Sodas,,false,false,false,false,true,Drinks,,Bijou Catering,,
282,Tray of Tofu Spring Rolls,Comes with tamarind sauce,true,false,true,false,true,Sides,,Asian Box Bay Area,,
283,Tray of Shrimp Spring Rolls,Comes with peanut sauce,false,false,true,true,true,Sides,,Asian Box Bay Area,,
284,Tray of Green Papaya Salad,,true,false,true,false,true,Sides,,Asian Box Bay Area,,
286,Individual Bottled Waters,,false,false,false,false,true,Drinks,,Spice Kit,,
287,Individual Assorted Sodas,,false,false,false,false,true,Drinks,,Spice Kit,,
315,Veggie Egg Roll,,false,true,false,false,true,Sides,,ORIENTAL Catering,,
316,Coffee Service,"Priced per person - with cups, stirrers, cream, and sugar",false,false,false,false,true,Drinks,,Arguello Catering,,
317,Tea Service,Priced per person - with hot water & tea bags,false,false,false,false,true,Drinks,,Arguello Catering,,
318,Orange Juice,,false,false,false,false,true,Drinks,,Arguello Catering,,
320,Piece of Fresh Whole Fruit,,true,false,true,false,true,Fruit,,Arguello Catering,,
321,Individually Packaged Yogurt,,false,true,true,false,true,Breakfast Sides,,Arguello Catering,,
322,Dozen of Assorted Bagels with Cream Cheese,,false,true,false,false,true,Breakfast Sides,,Arguello Catering,,
323,Dozen of Assorted Danishes and Muffins,,false,true,false,false,true,Breakfast Sides,,Arguello Catering,,
324,Platter of Veggie Crudité,,false,true,true,false,true,Sides,,Benvenuto Cafe,,
325,Tray of Green Salad,,false,true,true,false,true,Sides,,Benvenuto Cafe,,
326,Tray of Penne Pasta Almondine salad,,false,true,false,true,true,Sides,,Benvenuto Cafe,,
327,Tray of Chips,,false,true,true,false,true,Sides,,Benvenuto Cafe,,
329,Box of Coffee,"with all the works (milk, sugar, etc.)",false,false,false,false,true,Drinks,,Marvin Gardens Catering,,
330,Box of Hot Water and Tea Bags,,false,false,false,false,true,Drinks,,Marvin Gardens Catering,,
331,Pitcher of Fresh Squeezed Orange Juice,,true,false,true,false,true,Smoothies and Juices,,Marvin Gardens Catering,,
334,Serving of Vegan Green Side Salad,,true,false,true,false,true,Sides,,Marvin Gardens Catering,,
335,Serving of Side Vegan Pasta Salad,,true,false,false,false,true,Sides,,Marvin Gardens Catering,,
336,Serving of Country Breakfast Potatoes,,true,false,true,false,true,Breakfast Sides,,Marvin Gardens Catering,,
347,Individual Bottled Waters,,false,false,false,false,true,Drinks,,Ike's Place,,
348,Individual Assorted Sodas,,false,false,false,false,true,Drinks,,Ike's Place,,
349,Chocolate Chip Cookie,,false,false,false,false,true,Desserts,,Ike's Place,,
350,Oatmeal Raisin Cookie,,false,false,false,false,true,Desserts,,Ike's Place,,
351,Individual Assorted Bag of Chips,,false,false,false,false,true,Sides,,Ike's Place,,
352,Order of Fruit Salad,,true,false,true,false,true,Desserts,,Ike's Place,,
355,Individual Bottled Waters,,false,false,false,false,true,Drinks,,Kiss My Seoul,,
356,Individual Assorted Sodas,,false,false,false,false,true,Drinks,,Kiss My Seoul,,
382,Soda,,false,false,false,false,true,Drinks,,City Smoke House,,
383,Bottled water,,false,false,false,false,true,Drinks,,City Smoke House,,
384,Chocolate Chip Cookie,,false,true,false,false,true,Desserts,,City Smoke House,,
385,Oatmeal Raisin Cookie,,false,true,false,false,true,Desserts,,City Smoke House,,
388,Box of Coffee,"with milk, sugar, cups, etc.",false,false,false,false,true,Drinks,,Creative Ideas Catering  SF,,
389,Individual Assorted Sodas,,false,false,false,false,true,Drinks,,Creative Ideas Catering  SF,,
390,Bottled Water,,false,false,false,false,true,Drinks,,Creative Ideas Catering  SF,,
391,Freshly Baked Cookie,,false,true,false,false,true,Desserts,,Creative Ideas Catering  SF,,
392,Brownie,,false,true,false,false,true,Desserts,,Creative Ideas Catering  SF,,
393,Platter of Cheese & Fruit,,true,false,true,false,true,Sides,,Benvenuto Cafe,,
395,Individual Bottled Waters,,false,false,false,false,true,Drinks,,Estrellita,,
396,Assorted Soda,,false,false,false,false,true,Drinks,,Estrellita,,
397,Tray of Churros,Fried dough pastry filled with bavarian cream,false,true,false,false,true,Desserts,,Estrellita,,
398,Order of Chips & Hot Sauce,,false,false,false,false,true,Sides,,Estrellita,,
399,Half Tray of Guacamole,,true,false,true,false,true,Group Sides,,Estrellita,,
400,Half Tray of Black Beans,,false,true,true,false,true,Group Sides,,Estrellita,,
401,Half Tray of Spanish Rice,,true,false,true,false,true,Group Sides,,Estrellita,,
402,Half Tray of Sauteed Veggies,,true,false,true,false,true,Group Sides,,Estrellita,,
403,Half Tray of Garden Salad,,false,true,true,false,true,Group Sides,,Estrellita,,
405,Serving of Scrambled Eggs,,false,true,true,false,true,Breakfast Sides,,Marvin Gardens Catering,,
419,Serving of Guacamole & Chips,,true,false,true,false,true,Sides,,Marvin Gardens Catering,,
420,Serving of Butternut Squash Soup,with Bowls & Spoons,false,true,true,false,true,Sides,,Arguello Catering,,
421,Serving of Clam Chowder,with bowls & spoons,false,false,false,false,true,Sides,,Arguello Catering,,
422,Serving of Chicken Noodle Soup,with bowls & spoons,false,false,false,false,true,Sides,,Arguello Catering,,
426,Individual Bottled Waters,,false,false,false,false,true,Drinks,,Arguello Catering,,
427,Assorted Soda,,false,false,false,false,true,Drinks,,Arguello Catering,,
438,Serving of Potato Salad,,false,true,true,false,true,Sides,,Atlantic Catering,,
439,Serving of Vegan Mixed Green Salad,,true,false,true,false,true,Sides,,Atlantic Catering,,
445,Tray of Sweet Tajadas,Fried plantains,true,false,true,false,true,Sides,,Pica Pica,,
446,Tray of Garlic Coconut Rice,,true,false,true,false,true,Sides,,Pica Pica,,
447,Tray of Black Beans,,true,false,true,false,true,Sides,,Pica Pica,,
448,Individual Bottled Waters,,false,false,false,false,true,Drinks,,Pica Pica,,
449,Soda,,false,false,false,false,true,Drinks,,Pica Pica,,
465,Individual Assorted Breakfast Pastries,,false,true,false,false,true,Breakfast Sides,,Nova Caters + Events,,
466,Individual Yogurt Parfait,"Made with gluten-free granola, dried fruit and honey",false,true,true,false,true,Breakfast Sides,,Nova Caters + Events,,
467,Platter of Seasonal Fresh Fruit,,true,false,true,false,true,Sides of Fruit,,Nova Caters + Events,,
474,Chips & Salsa,,true,false,true,false,true,Sides,,Red Rooster Tacos,,
490,Order of Breakfast Sausage,,false,false,true,false,true,Breakfast Sides,,Arguello Catering,,
491,Order of Breakfast Bacon,,false,false,true,false,true,Breakfast Sides,,Arguello Catering,,
507,Box of Coffee,"Comes with the cups, sugar, and creamer",false,false,false,false,true,Drinks,,Tompkins Square Bagels & Bakery,,
509,"Family Size Order of Yogurt, Granola and berries",,false,true,false,false,true,Sides,,Tompkins Square Bagels & Bakery,,
510,Family Size Order of Fruit Bowl,Made with fresh berries,true,false,true,false,true,Bakery & Desserts,,Tompkins Square Bagels & Bakery,,
511,Platter of Cookies,Fresh baked assorted cookies,false,true,false,false,true,Bakery & Desserts,,Tompkins Square Bagels & Bakery,,
525,Serving of Haricots Vert with Red Onions and Cherry Tomatoes,,true,false,true,false,true,Sides,,Nova Caters + Events,,
526,Serving of Roasted Carrots with Ginger and Cranberries,,true,false,true,false,true,Sides,,Nova Caters + Events,,
527,Serving of Wood-Grilled Portobello Mushrooms,With cheese,false,true,true,false,true,Sides,,Nova Caters + Events,,
528,Serving of Brussels Sprouts,,true,false,true,false,true,Sides,,Nova Caters + Events,,
529,Serving of Roasted Cauliflower,"With capers, raisins, olives",true,false,true,false,true,Sides,,Nova Caters + Events,,
530,Serving of Vegetarian Penne Pasta Salad,"With grilled veggie relish, basil, cheese, balsamic glaze",false,true,false,false,true,Sides,,Nova Caters + Events,,
531,Serving of Cucumber Salad,With honey-rice vinaigrette and sesame seeds,false,true,true,false,true,Sides,,Nova Caters + Events,,
532,Serving of Roasted Garlic-Yukon Gold Potato Puree,,false,true,true,false,true,Sides,,Nova Caters + Events,,
533,Serving of Classic Potato Au Gratin,,false,true,true,false,true,Sides,,Nova Caters + Events,,
534,Serving of Sauteed Spinach,With lemon and EVOO,true,false,true,false,true,Sides,,Nova Caters + Events,,
535,Serving of Macaroni + Vermont Cheddar Cheese,,false,true,false,false,true,Sides,,Nova Caters + Events,,
536,Serving of Oven Roasted Root Vegetable Melange,,true,false,true,false,true,Sides,,Nova Caters + Events,,
537,Serving of Ratatouille,"Eggplant, zucchini, tomato, onion",true,false,true,false,true,Sides,,Nova Caters + Events,,
538,Serving of Quinoa + Kale Salad,"With cucumber, chopped herbs, lemon vinaigrette",true,false,true,false,true,Sides,,Nova Caters + Events,,
539,Serving of Curried Couscous Salad,With currants + mint,true,false,false,false,true,Sides,,Nova Caters + Events,,
540,Platter of Freshly Baked Cookies & Pastries,,false,true,false,false,true,Desserts,,Nova Caters + Events,,
586,3 Pieces of Assorted Fresh Baked Pastries,,false,true,false,false,true,Desserts,,PI Bakerie and Eatery,,
614,Dozen of Assorted Cake Truffles,"Flavors include strawberry shortcake, brooklyn blackout truffle, salty marble truffle, coconut pound cake truffle, and sprinkles cake truffle",false,true,false,false,true,Desserts,,Mini Melanie,,
642,Quart of Guacamole,,true,false,true,false,true,Sides,,Pinks Cantina,,
643,Individual Bottled Waters,,false,false,false,false,true,Drinks,,Pinks Cantina,,
644,Individual Assorted Sodas,,false,false,false,false,true,Drinks,,Pinks Cantina,,
645,Individual Mexican Sodas,Assorted Jarritos,false,false,false,false,true,Drinks,,Pinks Cantina,,
659,Breakfast Pastry,Assorted types,false,true,false,false,true,Breakfast Sides,,Marvin Gardens Catering,,
666,"Serving of Guacamole, Pico de Gallo, and Chips",,true,false,true,false,true,Sides,,Marvin Gardens Catering,,
729,Family size order of Bakhlava,,false,true,false,false,true,Desserts,,Phinix Mediterranean Fusion,,
730,Family Size Order of Assorted Cookies and Brownies,,false,true,false,false,true,Desserts,,Phinix Mediterranean Fusion,,
731,Family size Order of Hummus,,true,false,true,false,true,Sides,,Phinix Mediterranean Fusion,,
732,Family Size Order of Black Bean Salad,,false,true,false,false,true,Sides,,Phinix Mediterranean Fusion,,
733,Tray of Grilled Veggies,,true,false,true,false,true,Sides,,Phinix Mediterranean Fusion,,
734,Family Size Order of Baked Potato Wedges,,false,true,false,false,true,Sides,,Phinix Mediterranean Fusion,,
758,Assorted Can of Soda,,false,false,false,false,true,Drinks,,Cappy's,,
759,Individual Bottled Waters,,false,false,false,false,true,Drinks,,Cappy's,,
760,Two-Liter of Assorted Soda,,false,false,false,false,true,Drinks,,Cappy's,,
761,Individual Bottled Iced Tea,,false,false,false,false,true,Drinks,,Cappy's,,
762,Individual Bottled Orange Juice,,false,false,false,false,true,Drinks,,Cappy's,,
763,Box of Coffee,"with cups, stirrers, cream and sugar",false,false,false,false,true,Drinks,,Cappy's,,
764,Serving of French Fries,Served with ketchup,true,false,true,false,true,Sides,,Cappy's,,
765,Serving of Spicy Curly Fries,Served with ketchup,true,false,true,false,true,Sides,,Cappy's,,
766,Assorted Cookie,,false,true,false,false,true,Desserts,,Cappy's,,
767,Brownie,,false,true,false,false,true,Desserts,,Cappy's,,
768,Bag of Chips,Assorted flavors,false,false,false,false,true,Sides,,Cappy's,,
769,Slice of Cheesecake,,false,true,false,false,true,Desserts,,Cappy's,,
770,Slice of Chocolate Cake,,false,true,false,false,true,Desserts,,Cappy's,,
771,Slice of Red Velvet Cake,,false,true,false,false,true,Desserts,,Cappy's,,
772,Slice of Carrot Cake,,false,true,false,false,true,Desserts,,Cappy's,,
773,Slice of Tiramisu,,false,true,false,false,true,Desserts,,Cappy's,,
774,Order of Buffalo Wings,Served with blue cheese and ranch,false,false,false,false,true,Sides,,Cappy's,,
809,Assorted Sodas,Coke products,false,false,false,false,true,Drinks,,Pennypackers,,
810,Bottled Water,,false,false,false,false,true,Drinks,,Pennypackers,,
899,Order of Vegan Green Garden Side Salad,,true,false,true,false,true,Side Salads,,Cappy's,,
913,Tray of Chocolate Chip Cookies,,false,true,false,false,true,Desserts,,Beyond Sushi,,
914,Individual Bottled Waters,,false,false,false,false,true,Drinks,,Beyond Sushi,,
915,Unsweetened Iced Tea,,false,false,false,false,true,Drinks,,Beyond Sushi,,
952,Yogurt Parfait,"with fruit, granola, & honey",false,true,false,false,true,Sides,,City Chefs-Catering,,
953,Individual Bottled Waters,,false,false,false,false,true,Drinks,,City Chefs-Catering,,
964,Small Tray of Watermelon Jicama Salad,,true,false,true,false,true,Sides,,Costas,,
965,Small Tray of Plantains & Cheese,,false,true,true,false,true,Sides,,Costas,,
966,Individual Bottled Waters,,false,false,false,false,true,Drinks,,Costas,,
967,Coke,,false,false,false,false,true,Drinks,,Costas,,
968,Diet Coke,,false,false,false,false,true,Drinks,,Costas,,
969,Bottle of Fresh Lemonade,,false,false,false,false,true,Drinks,,Costas,,
971,Bottled water,,false,false,false,false,true,Drinks,,Cocina Del Sur,,
973,Serving of Flan,,false,true,true,false,true,Desserts,,Cocina Del Sur,,
974,Tray of Vegan House Salad,,true,false,true,false,true,Sides,,Cocina Del Sur,,
975,Tray of Grilled Corn & Queso,,false,true,true,false,true,Sides,,Cocina Del Sur,,
976,Tray of Sweet Plantains,,true,false,true,false,true,Sides,,Cocina Del Sur,,
987,Tray of Fried Veggie Spring Rolls,,false,true,false,false,true,Sides,,Bamboo Restaurant,,
988,Tray of Veggie Potstickers,,false,true,false,false,true,Sides,,Bamboo Restaurant,,
989,Tray of Pork Potstickers,,false,false,false,false,true,Sides,,Bamboo Restaurant,,
1003,Serving of Side Salad,,false,true,false,false,true,Sides,,Rolling Out Bakery,,
1004,Family Bowl of Arugula Salad,"with goat cheese, pecans, and strawberries",false,true,true,false,true,Salads,,Perfect Picnic,,
1005,Platter of Charcuterie,"﻿Mix of cured meats, cornichon and dilly beans",false,false,false,false,true,Sides,,Perfect Picnic,,
1006,Small Platter of Local Cheese,Assortment of cheese and fruit with crostini,false,true,false,false,true,Sides,,Perfect Picnic,,
1008,Platter of Mediterranean Favorite Appetizers,"Grape leaves, feta, olives, tomato, pepperoncini",false,true,true,false,true,Sides,,Perfect Picnic,,
1009,Box of Coffee,,false,false,false,false,true,Drinks,,Perfect Picnic,,
1010,Pitcher of Fresh Orange Juice,,false,false,false,false,true,Drinks,,Perfect Picnic,,
1023,Serving of Chocolate Covered Fruit,,false,true,true,false,true,Desserts,,Minnie's Bake Shop,,
1029,Tray of Avocado Salad,,true,false,true,false,true,Sides,,Sophie's Cuban,,
1030,Tray of Beets and String Beans Salad,,true,false,true,false,true,Sides,,Sophie's Cuban,,
1032,Tray of House Green Salad,,true,false,true,false,true,Sides,,Sophie's Cuban,,
1033,Tray of Fried Sweet Plantains,,true,false,true,false,true,Sides,,Sophie's Cuban,,
1034,Tray of Yellow Rice,,false,true,true,false,true,Sides,,Sophie's Cuban,,
1035,Tray of Yucca with Garlic,,false,true,true,false,true,Sides,,Sophie's Cuban,,
1036,Individual Bottled Waters,,false,false,false,false,true,Drinks,,Sophie's Cuban,,
1039,Tray of Black Beans,,true,false,true,false,true,Sides,,Cocina Del Sur,,
1040,Tray of Coconut Rice,,true,false,true,false,true,Sides,,Cocina Del Sur,,
1041,Tray of Avocado,,true,false,true,false,true,Sides,,Cocina Del Sur,,
1052,Family Size Order of Guacamole and Chips,,true,false,true,false,true,Catering Sides,,Arguello Catering,,
1066,Platter of Hummus & Pita,,true,false,false,false,true,Sides,,Benvenuto Cafe,,
1068,Platter of Vegan Green Garden Salad,,true,false,true,false,true,Sides,,Trio Café,,
1069,Platter of Fresh Fruit Salad,,true,false,true,false,true,Desserts,,Trio Café,,
1070,Platter of Assorted Cookie,,false,true,false,false,true,Desserts,,Trio Café,,
1074,Dozen of Assorted Whoops,our take on whoopie pie cake!,false,true,false,false,true,Desserts,,Minnie's Bake Shop,,
1075,Dozen of Minnie Cakes,,false,true,false,false,true,Desserts,,Minnie's Bake Shop,,
1076,Dozen of Cookie Sticks,,false,true,false,false,true,Desserts,,Minnie's Bake Shop,,
1077,Dozen of Cake Cups,our take on cupcakes!,false,true,false,false,true,Desserts,,Minnie's Bake Shop,,
1099,Individual Bottled Waters,,false,false,false,false,true,Drinks,,Nova Caters + Events,,
1100,Assorted Soda,,false,false,false,false,true,Drinks,,Nova Caters + Events,,
1101,Tray of Roasted Seasonal Veggies,,true,false,true,false,true,Sides,,Cocina Del Sur,,
1102,Fresh Watermelon Juice,,false,false,false,false,true,Drinks,,Cocina Del Sur,,
1104,Half Gallon of OJ,With cups,false,false,false,false,true,Drinks,,Tompkins Square Bagels & Bakery,,
1105,Dozen of Halloween Themed Cupcakes,,false,true,false,false,true,Themed Desserts,,Marvin Gardens Catering,,
1106,Order of Mini Veggie Empanadas,,false,true,false,false,true,Sides,,Arguello Catering,,
1107,Order of Fruit Skewers,,true,false,true,false,true,Fruit,,Arguello Catering,,
1147,Platter of Fresh Seasonal Fruit,,true,false,true,false,true,Sweets & Fruits ,,Citra Fresh Cafe,,
1148,Tray of Caesar Salad,,false,true,false,false,true,Sides,,Citra Fresh Cafe,,
1150,Individual Cookie,,false,true,false,false,true,Sweets & Fruits ,,Citra Fresh Cafe,,
1151,Individual Brownie,,false,true,false,false,true,Sweets & Fruits ,,Citra Fresh Cafe,,
1152,Assorted Soda,,false,false,false,false,true,Drinks,,Citra Fresh Cafe,,
1153,Bottled Water,,false,false,false,false,true,Drinks,,Citra Fresh Cafe,,
1154,Box of Coffee,,false,false,false,false,true,Drinks,,Citra Fresh Cafe,,
1155,Box of Tea,,false,false,false,false,true,Drinks,,Citra Fresh Cafe,,
1187,Tray of Vegan Green House Salad,,true,false,true,false,true,Sides,,Oasis Restaurant,,
1188,Tray of Vegetarian Caesar Salad,,false,true,false,false,true,Sides,,Oasis Restaurant,,
1189,Serving of Grilled Vegetables,,true,false,true,false,true,Sides,,Oasis Restaurant,,
1190,Serving of White Rice,,true,false,true,false,true,Sides,,Oasis Restaurant,,
1191,Serving of Roasted Potatoes,,true,false,true,false,true,Sides,,Oasis Restaurant,,
1192,Cheese Bread,,false,true,false,false,true,Sides,,Oasis Restaurant,,
1193,Serving of Brazilian Potato Salad,,false,true,true,false,true,Sides,,Oasis Restaurant,,
1194,Serving of Black Beans,,true,false,true,false,true,Sides,,Oasis Restaurant,,
1195,Serving of Mashed Potatoes,,false,true,true,false,true,Sides,,Oasis Restaurant,,
1196,Tray of Flan,,false,true,false,false,true,Desserts,,Oasis Restaurant,,
1197,Serving of Vegetarian Pasta Salad,,false,true,false,false,true,Sides,,Oasis Restaurant,,
1198,Bottled Water,,false,false,false,false,true,Drinks,,Oasis Restaurant,,
1199,Soda,,false,false,false,false,true,Drinks,,Oasis Restaurant,,
1200,Serving of Guacamole,,true,false,true,false,true,Sides,,Oasis Restaurant,,
1201,Box of Coffee,"with the works (milk, sugar, etc.)",false,false,false,false,true,Drinks,,Oasis Restaurant,,
1202,Half Gallon of Orange Juice,,false,false,false,false,true,Drinks,,Oasis Restaurant,,
1203,Box of Hot Chocolate,,false,false,false,false,true,Drinks,,Oasis Restaurant,,
1206,Serving of Seasonal Mixed Fruit,,true,false,true,false,true,Desserts,,Oasis Restaurant,,
1207,Individual Yogurt Parfait with Granola & Fruit,,false,true,false,false,true,Breakfast Sides,,Oasis Restaurant,,
1208,Order of Chocolate Covered Strawberries,,false,true,false,false,true,Desserts,,Oasis Restaurant,,
1209,Order of Churros with Dulce de Leche,,false,true,false,false,true,Desserts,,Oasis Restaurant,,
1250,Side of Chips and Salsa,,true,false,true,false,true,Sides,,Jose's Torta Mexicana,,
1251,Caramel Custard Flan,,false,false,false,false,true,Desserts,,Jose's Torta Mexicana,,
1252,Sopapilla - fried sweet dessert pastry (serves 2),,false,false,false,false,true,Desserts,,Jose's Torta Mexicana,,
1253,Side of Guacamole (serves 1),,false,false,false,false,true,Sides,,Jose's Torta Mexicana,,
1254,Tray of Side Salad with Dressing,,false,false,false,false,true,Sides,,Jose's Torta Mexicana,,
1255,Dozen of Spring Rolls,,false,false,false,false,true,Catering Appetizers ,,Umai,,
1256,Dozen of Pork Gyoza,,false,false,false,false,true,Catering Appetizers ,,Umai,,
1257,Dozen of Shumai,,false,false,false,false,true,Catering Appetizers ,,Umai,,
1258,Small Tray of House Salad,,false,true,true,false,true,Catering Salads & Sides,,Umai,,
1259,Serving of Tiramisu,,false,true,false,false,true,Dessert,,Umai,,
1260,Serving of Cheesecake,,false,true,false,false,true,Dessert,,Umai,,
1261,Assorted Sodas,,false,false,false,false,true,Drinks,,Umai,,
1262,Bottled Water,,false,false,false,false,true,Drinks,,Umai,,
1263,Small Tray of White Rice,,true,false,true,false,true,Catering Rice,,Umai,,
1285,Individual Fresh Fruit Salad,,true,false,true,false,true,Desserts,,Sam Lagrassas,,
1286,Assorted Potato Chip,"an assortment of chips including cape cod original, sweet mesquite bbq, reduced fat, salt and vinegar and plain baked lays",false,true,true,false,true,Sides,,Sam Lagrassas,,
1289,Individual Fudge Brownie,,false,false,false,false,true,Desserts,,Sam Lagrassas,,
1290,Individual Assorted Cookie,,false,false,false,false,true,Desserts,,Sam Lagrassas,,
1291,Assorted Soda Can,"an assortment of coke, diet coke, sprite, sprite zero, root beer and ginger ale",false,false,false,false,true,Drinks,,Sam Lagrassas,,
1292,Individual Bottled Waters,,false,false,false,false,true,Drinks,,Sam Lagrassas,,
1293,Assorted Individual Snapple,"an assortment of lemon, diet lemon and diet peach",false,false,false,false,true,Drinks,,Sam Lagrassas,,
1304,Churro w/ caramel on the side,,false,false,false,false,true,Desserts,,Jose's Torta Mexicana,,
1327,Half Tray of House Salad,"Fresh mixed greens, cherry tomatoes, cucumbers, and carrots with champagne vinaigrette.",false,true,true,false,true,Sides,,SliderBar,,
1328,Half Tray of Hail Caesar Salad,"Romaine, shaved parmesan, croutons, and caesar dressing.",false,true,false,false,true,Sides,,SliderBar,,
1329,Half Tray of Chop Chop Salad,"Chopped romaine and kale, crumbled feta cheese, artichoke hearts, kalamata olives, red onions, garbanzo beans, roasted red peppers, cherry tomatoes with a red wine vinaigrette.",false,true,false,false,true,Sides,,SliderBar,,
1331,Half Tray of Classic Belgian Fries,,false,true,true,false,true,Sides,,SliderBar,,
1332,Half Tray of Sweet Potato Fries,,false,true,true,false,true,Sides,,SliderBar,,
1333,Half Tray of Garlic & Parsley Fries,,false,true,true,false,true,Sides,,SliderBar,,
1340,Tray of Mac & Cheese,,false,true,false,false,true,Sides,,Marvin Gardens Catering,,
1382,Bottle of Red Wine,Corkscrew required for opening,false,false,false,false,true,Beer & Wine,,Arguello Catering,,
1383,Bottle of White Wine,Corkscrew required for opening,false,false,false,false,true,Beer & Wine,,Arguello Catering,,
1405,Whole Pie - Sweet Potato Pie,"If you'd like, please specify between pumpkin, pecan, apple, or sweet potato",false,true,false,false,true,Desserts,,Marvin Gardens Catering,,
1406,Individual Mini Pumpkin Tarts,,false,true,false,false,true,Desserts,,Arguello Catering,,
1429,Tray of Mac & Cheese,with garlic breadcrumbs,false,true,false,false,true,Catering Sides,,Arguello Catering,,
1434,Classic Garden Salad, with Italian and ranch dressing,false,true,false,false,true,Sides,,Sensational Foods,,
1435,Grilled Seasonal Vegetables,,true,false,true,false,true,Sides,,Sensational Foods,,
1436,Grilled Corn and Avocado Salad,with black beans and cilantro,true,false,true,false,true,Sides,,Sensational Foods,,
1437,Caprese Salad,"with fresh mozzarella, tomato, and basil",false,true,true,false,true,Sides,,Sensational Foods,,
1438,Pesto Bowtie Side Pasta Salad,,false,true,false,true,true,Sides,,Sensational Foods,,
1439,Roasted Red Bliss Potatoes, with rosemary and garlic,true,false,true,false,true,Sides,,Sensational Foods,,
1440,"Assorted Homemade Brownies, Bars, and Cookies",,false,true,false,false,true,Desserts,,Sensational Foods,,
1441,Assorted Mini French Pastries,,false,false,false,false,true,Desserts,,Sensational Foods,,
1442,Assorted Cookie,,false,true,false,false,true,Desserts,,Sensational Foods,,
1443,Fresh Seasonal Sliced Fruit,,true,false,true,false,true,Desserts,,Sensational Foods,,
1444,Individual Assorted Soda,,false,false,false,false,true,Drinks,,Sensational Foods,,
1445,Individual Bottled Waters,,false,false,false,false,true,Drinks,,Sensational Foods,,
1446,Individual Assorted Juice,,false,false,false,false,true,Drinks,,Sensational Foods,,
1447,Coffee,"Coffee is served in large boxes (NOT individually) Creamer, stirrers, cups, lids and sugar are included.",false,false,false,false,true,Drinks,,Sensational Foods,,
1448,Tea,"Hot water is served in large boxes (NOT individually) Creamer, stirrers, cups, lids and sugar are included.",false,false,false,false,true,Drinks,,Sensational Foods,,
1458,Tray of Orzo Salad,"With peppers, spinach, and feta",false,true,false,false,true,Catering Sides,,Simple Fare,,
1459,Tray of Lemon Asparagus Risotto,,false,true,true,false,true,Catering Sides,,Simple Fare,,
1460,Tray of Roasted Seasonal Veggies,,true,false,true,false,true,Catering Sides,,Simple Fare,,
1461,Tray of Creamy Mashed Potatoes,With gravy,false,true,true,false,true,Catering Sides,,Simple Fare,,
1462,Tray of Wild Rice Pilaf,,true,false,true,false,true,Catering Sides,,Simple Fare,,
1463,Tray of Green Beans with Almonds,,true,false,false,true,true,Catering Sides,,Simple Fare,,
1464,Tray of Red Bliss Potato Salad,,false,true,true,false,true,Catering Sides,,Simple Fare,,
1465,Tray of Roasted Brussel Sprouts,,true,false,true,false,true,Catering Sides,,Simple Fare,,
1466,Tray of Grilled Asparagus,,true,false,true,false,true,Catering Sides,,Simple Fare,,
1467,Tray of Ginger Mashed Sweet Potatoes,,false,true,true,false,true,Catering Sides,,Simple Fare,,
1468,Tray of Pesto Pasta Salad,,false,true,false,true,true,Catering Sides,,Simple Fare,,
1469,Assorted Cookies,,false,true,false,false,true,Desserts,,Simple Fare,,
1471,Assorted Dessert Bars,,false,true,false,false,true,Desserts,,Simple Fare,,
1472,Bottled water,,false,false,false,false,true,Drinks,,Simple Fare,,
1473,Soda,,false,false,false,false,true,Drinks,,Simple Fare,,
1474,Assorted Juice Bottle,,false,false,false,false,true,Drinks,,Simple Fare,,
1475,Box of Coffee,"With the works (milk, sugar, etc.)",false,false,false,false,true,Drinks,,Simple Fare,,
1476,Box of Hot Water and Tea Bags,,false,false,false,false,true,Drinks,,Simple Fare,,
1477,Tray of Pear Salad,"With pecans, tomatoes, and goat cheese",false,true,true,true,true,Salads,,Simple Fare,,
1478,Tray of Greek Salad,"With feta, tomatoes, olives, and onions",false,true,true,false,true,Salads,,Simple Fare,,
1479,Tray of Cranberry Walnut Salad,With blue cheese,false,true,true,true,true,Salads,,Simple Fare,,
1480,Tray of Spinach Portobello Salad,,false,true,true,false,true,Salads,,Simple Fare,,
1481,Tray of Caesar Salad,With parmesan and croutons,false,true,false,false,true,Salads,,Simple Fare,,